jeremiah_morris85@office.mobi,Jeremiah Morris,Regarding the Project,2024-02-26 08:33:21
jonathan_russell23@website.ae,Jonathan Russell,Can I have an Extension?,2024-02-26 02:11:48
colton_lowe21@wiki.be,Colton Lowe,Team Member Unavailable to Work on the Project,2024-02-26 11:21:09
eleanor_jenkins46@site.info,Eleanor Jenkins,Exciting News!!!,2024-02-26 16:01:59
dylan_diaz90@agency.cn,Dylan Diaz,C++ is sooo good,2024-02-26 12:18:33
patel_khan@proton.com,Patel Khan,Where is the document with the C++ standard?,2024-03-16 11:13:53
logan_thomas72@project.ca,Logan Thomas,Enjoy your vacation,2024-02-26 09:32:18
sophia_martinez64@resource.uk,Sophia Martinez,Have you finished the presentation? Send it to me.,2024-02-27 21:27:25
alyssa_soto29@dev.es,Alyssa Soto,We should have a meeting tomorrow to discuss the budget,2024-02-28 14:44:55
olivia_brown2@technology.aero,Olivia Brown,Your package has been delivered,2024-03-01 11:37:21
isabel_snyder39@webpage.biz,Isabel Snyder,No classes tomorrow,2024-03-02 23:01:03
isabel_thompson26@directory.au,Isabel Thompson,Is the project cancelled?!?!,2024-03-03 17:49:03
emma_jones19@system.sa,Emma Jones,Look at this ASAP,2024-03-04 09:25:17
jeremiah_morris85@office.mobi,Jeremiah Morris,Our project has been approved,2023-03-05 10:09:00
jonathan_russell23@website.ae,Jonathan Russell,I cannot come to classes today,2024-02-19 08:02:48
colton_lowe21@wiki.be,Colton Lowe,Has the projects received approval from ministry?,2023-12-29 11:13:54
alice_perfect@steam.com,Alice Denisa Perfect,I found this new game. Looks good.,2023-10-09 11:31:21
eleanor_jenkins46@site.info,Eleanor Jenkins,Free things from us. Claim your prize now!!!,2024-01-11 12:41:05
jon.snow@westeros.ca,Jon Snow,Expect Exciting News!!! Your Wait Is Over,2024-09-11 03:21:31
mia_peterson70@corporation.jobs,Mia Peterson,Congratulations! You won the ltery,2024-03-26 10:17:42
